"Date ","series ","OPEN ","HIGH ","LOW ","PREV. CLOSE ","ltp ","close ","vwap ","52W H ","52W L ","VOLUME ","VALUE ","No of trades "
"01-Mar-2023","EQ","374.25","380.40","373.60","376.70","378.60","378.70","378.58","394.00","210.80",7766667,"2,940,311,888.95",114616
"28-Feb-2023","EQ","382.50","384.25","375.00","382.20","376.50","376.70","377.55","394.00","210.80",16367477,"6,179,566,021.75",161521
"27-Feb-2023","EQ","385.10","386.80","378.10","385.10","382.20","382.20","381.68","394.00","210.80",8142319,"3,107,756,123.45",122227
"24-Feb-2023","EQ","389.00","389.00","381.00","387.60","385.25","385.10","384.56","394.00","207.00",12910220,"4,964,754,019.45",118753
"23-Feb-2023","EQ","384.45","394.00","383.10","383.85","387.40","387.60","389.74","394.00","207.00",18830592,"7,339,108,176.85",218500
"22-Feb-2023","EQ","382.00","384.90","380.00","382.25","384.15","383.85","383.28","388.20","207.00",8961077,"3,434,625,178.35",99507
"21-Feb-2023","EQ","385.00","385.90","381.70","384.05","383.00","382.25","384.08","388.20","207.00",8259574,"3,172,325,586.55",88576
"20-Feb-2023","EQ","384.70","387.50","381.30","383.40","383.90","384.05","384.12","388.20","207.00",7804976,"2,998,018,760.35",102345
"17-Feb-2023","EQ","381.05","384.55","379.25","382.55","383.30","383.40","382.91","388.20","207.00",7672135,"2,937,749,082.60",93699
"16-Feb-2023","EQ","382.00","385.25","381.00","382.20","382.00","382.55","383.66","388.20","207.00",9775280,"3,750,425,749.60",119906
"15-Feb-2023","EQ","381.75","382.85","378.55","386.45","382.10","382.20","380.58","388.20","207.00",12209350,"4,646,631,940.25",132308
"14-Feb-2023","EQ","375.00","387.65","373.75","374.20","385.95","386.45","383.62","388.20","207.00",29125052,"11,172,825,493.75",240562
"13-Feb-2023","EQ","373.00","375.15","370.00","371.35","374.10","374.20","372.74","388.20","207.00",9901148,"3,690,548,355.70",110887
"10-Feb-2023","EQ","372.20","376.95","370.30","374.25","371.20","371.35","372.27","388.20","207.00",10278597,"3,826,370,636.70",101423
"09-Feb-2023","EQ","374.00","380.00","372.15","375.55","374.80","374.25","375.49","388.20","207.00",11861196,"4,453,808,751.90",147407
"08-Feb-2023","EQ","374.75","377.30","371.55","373.25","374.55","375.55","375.12","388.20","207.00",10420462,"3,908,964,512.10",125965
"07-Feb-2023","EQ","383.90","383.90","368.45","383.40","373.40","373.25","373.66","388.20","207.00",20643707,"7,713,764,922.45",296046
"06-Feb-2023","EQ","382.50","388.20","379.60","380.65","383.50","383.40","384.59","388.20","207.00",25790153,"9,918,627,583.65",245965
"03-Feb-2023","EQ","381.90","382.25","372.00","378.60","380.70","380.65","378.53","384.70","207.00",22295321,"8,439,463,829.40",236606
"02-Feb-2023","EQ","361.60","384.70","360.40","361.40","378.80","378.60","376.87","384.70","207.00",55745171,"21,008,522,194.10",404278
"01-Feb-2023","EQ","353.00","365.70","329.10","352.35","359.60","361.40","353.75","365.70","207.00",64518967,"22,823,821,017.55",497986
"31-Jan-2023","EQ","346.00","355.00","341.05","344.80","352.60","352.35","348.73","361.45","207.00",17134291,"5,975,279,655.05",207015
"30-Jan-2023","EQ","346.90","351.75","341.85","346.00","343.80","344.80","347.04","361.45","207.00",14091519,"4,890,259,651.00",159810
"27-Jan-2023","EQ","341.80","348.85","341.50","339.25","345.50","346.00","345.50","361.45","207.00",21040139,"7,269,287,174.45",198362
"25-Jan-2023","EQ","338.90","341.00","335.25","338.95","340.00","339.25","338.13","361.45","207.00",12497542,"4,225,848,770.85",115825
"24-Jan-2023","EQ","337.80","340.75","337.60","337.75","338.90","338.95","339.02","361.45","207.00",12302874,"4,170,878,392.80",123629
"23-Jan-2023","EQ","336.00","338.15","333.05","334.60","337.60","337.75","336.68","361.45","207.00",7124807,"2,398,812,192.75",75270
"20-Jan-2023","EQ","332.00","335.20","329.25","332.15","334.45","334.60","332.68","361.45","207.00",13103664,"4,359,276,710.60",104023
"19-Jan-2023","EQ","334.00","335.65","331.65","334.65","332.00","332.15","333.21","361.45","207.00",8346130,"2,781,000,519.70",103560
"18-Jan-2023","EQ","334.00","336.55","332.40","332.25","335.10","334.65","334.37","361.45","207.00",12555527,"4,198,130,682.45",147165
"17-Jan-2023","EQ","330.20","333.50","329.10","330.20","332.00","332.25","331.64","361.45","207.00",13712537,"4,547,671,024.50",93294
"16-Jan-2023","EQ","330.35","332.20","327.55","328.75","330.20","330.20","329.11","361.45","207.00",8253942,"2,716,469,420.90",78391
"13-Jan-2023","EQ","329.85","332.25","326.40","329.85","329.10","328.75","329.58","361.45","207.00",14412671,"4,750,157,893.90",120029
"12-Jan-2023","EQ","333.40","333.60","328.10","331.80","329.50","329.85","329.95","361.45","207.00",6638422,"2,190,337,446.10",139430
"11-Jan-2023","EQ","335.10","335.10","331.30","333.40","332.10","331.80","332.82","361.45","207.00",4584293,"1,525,745,889.65",91438
"10-Jan-2023","EQ","337.90","338.40","332.55","338.05","333.70","333.40","333.83","361.45","207.00",6949605,"2,319,978,392.15",95343
"09-Jan-2023","EQ","336.95","341.30","336.15","335.05","337.40","338.05","338.82","361.45","207.00",10618786,"3,597,812,675.95",147547
"06-Jan-2023","EQ","334.70","337.55","333.10","333.45","335.00","335.05","335.48","361.45","207.00",8284135,"2,779,124,776.80",115819
"05-Jan-2023","EQ","328.65","333.90","328.20","327.00","333.60","333.45","332.20","361.45","207.00",8171437,"2,714,547,327.40",134902
"04-Jan-2023","EQ","331.85","332.50","326.00","331.10","326.60","327.00","327.48","361.45","207.00",6689769,"2,190,748,946.45",155935
"03-Jan-2023","EQ","331.50","333.35","330.25","332.85","331.20","331.10","331.36","361.45","207.00",5997051,"1,987,185,279.40",103134
"02-Jan-2023","EQ","330.90","334.00","329.65","331.55","332.80","332.85","332.25","361.45","207.00",5951893,"1,977,534,074.25",139495
"30-Dec-2022","EQ","335.40","336.75","330.50","335.35","331.00","331.55","333.91","361.45","207.00",6960264,"2,324,123,983.35",86886
"29-Dec-2022","EQ","334.35","335.75","331.55","334.40","335.45","335.35","333.60","361.45","207.00",8105359,"2,703,980,878.25",98175
"28-Dec-2022","EQ","332.85","335.00","331.50","333.15","334.35","334.40","332.76","361.45","207.00",7737562,"2,574,744,214.30",114100
"27-Dec-2022","EQ","335.60","336.40","330.15","334.60","333.05","333.15","333.36","361.45","207.00",6727343,"2,242,627,265.30",122372
"26-Dec-2022","EQ","326.50","335.10","325.50","326.70","334.60","334.60","332.83","361.45","207.00",9566210,"3,183,941,256.40",183864
"23-Dec-2022","EQ","330.90","331.90","325.35","332.45","326.05","326.70","327.90","361.45","207.00",10073884,"3,303,219,426.20",187134
"22-Dec-2022","EQ","335.65","337.40","329.90","335.15","332.80","332.45","332.77","361.45","207.00",6584445,"2,191,082,235.30",101460
"21-Dec-2022","EQ","341.00","341.25","334.50","340.15","335.70","335.15","336.78","361.45","207.00",7045201,"2,372,658,454.35",127807
"20-Dec-2022","EQ","340.05","340.95","336.75","340.50","339.90","340.15","338.61","361.45","207.00",5482218,"1,856,320,822.20",80370
"19-Dec-2022","EQ","336.80","342.35","335.35","335.10","340.05","340.50","339.82","361.45","207.00",7812801,"2,654,927,435.70",110172
"16-Dec-2022","EQ","337.50","338.90","331.30","338.85","335.75","335.10","334.49","361.45","207.00",12429280,"4,157,423,586.75",207367
"15-Dec-2022","EQ","344.75","346.10","338.00","345.40","338.70","338.85","341.22","361.45","207.00",8154931,"2,782,665,991.55",112979
"14-Dec-2022","EQ","346.00","347.35","343.75","345.60","345.10","345.40","345.47","361.45","207.00",7379878,"2,549,557,384.50",128069
"13-Dec-2022","EQ","344.50","346.00","342.40","343.20","345.05","345.60","344.45","361.45","207.00",10693426,"3,683,297,885.50",129845
"12-Dec-2022","EQ","341.00","344.00","340.10","341.40","343.25","343.20","342.63","361.45","207.00",11214662,"3,842,454,919.60",147074
"09-Dec-2022","EQ","339.75","342.50","338.00","338.40","342.00","341.40","340.59","361.45","207.00",8132228,"2,769,725,917.65",104951
"08-Dec-2022","EQ","340.20","342.15","337.50","340.10","338.30","338.40","339.30","361.45","207.00",6200447,"2,103,841,069.30",135480
"07-Dec-2022","EQ","338.50","341.50","336.65","337.30","340.00","340.10","339.89","361.45","207.00",9813208,"3,335,393,155.50",117952
"06-Dec-2022","EQ","334.10","338.20","334.10","336.75","337.60","337.30","337.05","361.45","207.00",6327430,"2,132,640,560.40",82974
"05-Dec-2022","EQ","337.65","338.85","334.15","337.15","336.60","336.75","335.88","361.45","207.00",9716390,"3,263,564,731.45",131793
"02-Dec-2022","EQ","339.35","340.80","336.75","339.55","337.50","337.15","337.85","361.45","207.00",8388835,"2,834,182,901.60",104028
"01-Dec-2022","EQ","341.70","341.70","336.80","340.00","339.70","339.55","338.75","361.45","207.00",16630417,"5,633,556,147.25",183326
"30-Nov-2022","EQ","341.25","344.15","339.00","342.30","340.30","340.00","340.54","361.45","207.00",22556502,"7,681,480,498.60",139387
"29-Nov-2022","EQ","340.00","345.00","340.00","340.05","342.45","342.30","342.94","361.45","207.00",10189855,"3,494,496,987.45",115645
"28-Nov-2022","EQ","340.00","341.75","338.75","340.30","339.95","340.05","340.43","361.45","207.00",9902739,"3,371,223,380.25",103017
"25-Nov-2022","EQ","341.00","341.90","337.80","340.75","340.30","340.30","339.56","361.45","207.00",6933254,"2,354,253,778.15",102045
"24-Nov-2022","EQ","339.80","342.50","337.55","339.80","341.10","340.75","340.21","361.45","207.00",8140857,"2,769,597,449.75",116223
"23-Nov-2022","EQ","342.00","342.00","337.50","340.25","339.20","339.80","339.65","361.45","207.00",7768291,"2,638,475,966.95",122455
"22-Nov-2022","EQ","337.00","341.00","335.70","337.20","340.00","340.25","339.35","361.45","207.00",6495845,"2,204,337,080.70",97824
"21-Nov-2022","EQ","339.10","340.00","334.40","341.05","337.20","337.20","336.63","361.45","207.00",9198816,"3,096,600,795.05",123378
"18-Nov-2022","EQ","343.70","344.75","339.80","343.70","341.00","341.05","341.37","361.45","207.00",7838297,"2,675,758,287.50",93616
"17-Nov-2022","EQ","344.10","347.45","342.60","344.10","343.80","343.70","344.84","361.45","207.00",9994270,"3,446,380,758.15",118071
"16-Nov-2022","EQ","345.70","346.85","341.65","345.25","344.50","344.10","343.92","361.45","207.00",7604924,"2,615,447,741.25",116105
"15-Nov-2022","EQ","348.95","348.95","339.15","347.20","345.50","345.25","342.39","361.45","207.00",15451411,"5,290,386,411.80",151100
"14-Nov-2022","EQ","356.35","356.95","346.60","356.35","347.45","347.20","350.27","361.45","207.00",17639889,"6,178,677,577.15",167736
"11-Nov-2022","EQ","360.00","360.95","354.65","356.00","358.00","356.35","356.41","361.45","207.00",10950902,"3,903,029,914.90",119454
"10-Nov-2022","EQ","359.00","359.90","354.10","360.70","356.00","356.00","356.14","361.45","207.00",19327625,"6,883,310,233.00",149772
"09-Nov-2022","EQ","353.50","361.45","353.20","353.50","360.70","360.70","358.51","361.45","207.00",20611075,"7,389,191,472.10",176013
"07-Nov-2022","EQ","355.00","356.35","350.00","353.60","353.70","353.50","352.72","358.50","207.00",10050303,"3,544,947,876.45",120586
"04-Nov-2022","EQ","354.00","356.00","352.50","353.70","353.25","353.60","354.26","358.50","207.00",8386849,"2,971,089,240.85",112058
"03-Nov-2022","EQ","354.00","358.50","353.00","354.65","354.15","353.70","355.69","358.50","207.00",10736155,"3,818,715,208.15",115351
"02-Nov-2022","EQ","348.50","356.25","348.50","349.50","354.00","354.65","353.78","356.25","207.00",16781507,"5,936,966,418.05",166834
"01-Nov-2022","EQ","349.25","350.50","347.20","348.70","349.50","349.50","349.26","353.20","207.00",19665200,"6,868,253,070.10",116701
"31-Oct-2022","EQ","348.00","350.50","344.75","345.80","348.95","348.70","347.71","353.20","207.00",13825970,"4,807,406,386.20",124587
"28-Oct-2022","EQ","347.55","348.60","345.10","345.80","346.00","345.80","346.74","353.20","207.00",13069167,"4,531,558,049.50",88108
"27-Oct-2022","EQ","346.65","348.35","343.85","346.30","346.70","345.80","345.23","353.20","207.00",18558597,"6,407,002,652.70",102198
"25-Oct-2022","EQ","349.45","349.50","343.65","347.70","346.10","346.30","345.93","353.20","207.00",17242211,"5,964,613,498.25",128574
"24-Oct-2022","EQ","348.95","349.70","347.00","345.60","347.65","347.70","348.43","353.20","207.00",3170564,"1,104,707,572.35",72949
"21-Oct-2022","EQ","353.20","353.20","344.50","349.70","344.85","345.60","348.85","353.20","207.00",27372160,"9,548,793,891.00",192007
"20-Oct-2022","EQ","347.00","350.95","344.80","346.35","350.60","349.70","348.06","350.95","207.00",18474706,"6,430,266,358.55",169065
"19-Oct-2022","EQ","343.10","347.45","339.80","340.30","347.20","346.35","344.88","349.55","207.00",16296080,"5,620,213,086.55",147366
"18-Oct-2022","EQ","333.95","341.00","333.55","332.25","340.85","340.30","338.93","349.55","207.00",20887417,"7,079,464,204.30",116946
"17-Oct-2022","EQ","331.10","334.75","329.60","332.10","332.55","332.25","332.91","349.55","207.00",6929063,"2,306,765,038.55",100913
"14-Oct-2022","EQ","332.30","333.90","330.85","328.65","332.10","332.10","332.38","349.55","207.00",6424915,"2,135,542,923.60",95294
"13-Oct-2022","EQ","329.95","331.30","328.00","330.10","328.85","328.65","329.33","349.55","207.00",7266724,"2,393,148,173.00",88889
"12-Oct-2022","EQ","327.95","331.45","324.75","326.30","330.00","330.10","328.41","349.55","207.00",10337544,"3,394,961,390.95",141735
"11-Oct-2022","EQ","329.00","330.45","325.10","327.85","325.90","326.30","328.01","349.55","207.00",10609956,"3,480,158,340.95",141982
"10-Oct-2022","EQ","330.00","331.45","326.05","334.10","328.15","327.85","328.18","349.55","207.00",9388996,"3,081,254,840.50",134866
"07-Oct-2022","EQ","336.80","336.85","331.30","336.65","334.45","334.10","333.79","349.55","207.00",10506078,"3,506,819,673.70",115865
"06-Oct-2022","EQ","335.00","339.30","332.55","332.85","335.90","336.65","335.98","349.55","207.00",22235092,"7,470,586,426.75",155672
"04-Oct-2022","EQ","328.70","334.00","328.00","324.40","333.10","332.85","331.45","349.55","207.00",8803255,"2,917,827,879.40",121561
"03-Oct-2022","EQ","332.90","333.00","323.25","332.20","324.90","324.40","327.30","349.55","207.00",9111289,"2,982,119,369.90",143508
"30-Sep-2022","EQ","333.05","335.75","330.15","333.05","332.20","332.20","332.94","349.55","207.00",12427919,"4,137,766,672.75",145664
"29-Sep-2022","EQ","329.00","334.90","327.75","324.95","334.35","333.05","332.71","349.55","207.00",18281337,"6,082,448,649.00",175901
"28-Sep-2022","EQ","331.95","333.30","324.30","334.85","324.50","324.95","328.07","349.55","207.00",15552911,"5,102,409,611.45",201684
"27-Sep-2022","EQ","335.00","339.55","334.00","332.60","335.55","334.85","336.38","349.55","207.00",9991052,"3,360,744,442.30",134083
"26-Sep-2022","EQ","344.85","345.95","331.75","346.40","332.50","332.60","337.58","349.55","207.00",16205789,"5,470,794,971.10",221652
"23-Sep-2022","EQ","347.50","349.55","343.30","345.05","347.00","346.40","346.63","349.55","207.00",22838807,"7,916,609,370.80",173655
"22-Sep-2022","EQ","341.00","348.75","340.90","340.95","345.75","345.05","345.83","348.75","207.00",24179987,"8,362,263,404.90",204326
"21-Sep-2022","EQ","336.00","345.20","335.50","336.00","340.60","340.95","340.58","345.20","207.00",20992080,"7,149,565,838.70",161744
"20-Sep-2022","EQ","338.75","339.60","335.00","335.60","335.25","336.00","337.51","339.60","207.00",9526068,"3,215,133,989.75",93112
"19-Sep-2022","EQ","329.10","336.90","329.10","331.30","335.60","335.60","334.29","339.00","207.00",14365461,"4,802,297,577.20",117354
"16-Sep-2022","EQ","332.35","334.60","329.70","334.10","331.50","331.30","331.53","339.00","207.00",12492851,"4,141,776,658.55",107543
"15-Sep-2022","EQ","336.40","337.05","332.90","335.35","333.60","334.10","334.73","339.00","207.00",8418672,"2,818,017,592.05",111903
"14-Sep-2022","EQ","331.00","339.00","330.95","334.40","335.75","335.35","336.46","339.00","207.00",12267025,"4,127,405,942.30",128808
"13-Sep-2022","EQ","331.70","335.00","330.60","330.90","333.75","334.40","333.42","335.00","207.00",10520207,"3,507,614,417.55",141649
"12-Sep-2022","EQ","332.00","332.40","330.00","330.50","330.90","330.90","330.85","333.30","207.00",8712689,"2,882,571,011.05",92310
"09-Sep-2022","EQ","330.60","333.30","330.00","329.90","330.15","330.50","331.56","333.30","207.00",9408098,"3,119,312,581.70",133330
"08-Sep-2022","EQ","329.00","330.60","327.50","326.10","330.00","329.90","329.55","330.60","207.00",10911130,"3,595,754,293.40",103688
"07-Sep-2022","EQ","326.00","328.30","325.25","327.15","326.00","326.10","326.74","330.00","207.00",8085824,"2,641,983,438.90",101541
"06-Sep-2022","EQ","330.00","330.00","326.40","328.85","326.90","327.15","328.05","330.00","207.00",11970750,"3,927,000,892.00",132143
"05-Sep-2022","EQ","325.00","329.60","323.75","323.15","328.75","328.85","327.03","329.60","207.00",17471906,"5,713,829,812.80",169972
"02-Sep-2022","EQ","318.70","324.25","318.05","317.60","323.35","323.15","321.12","324.25","206.00",25758860,"8,271,660,686.10",177786
"01-Sep-2022","EQ","319.50","321.90","316.00","320.50","317.90","317.60","318.07","321.90","206.00",13254985,"4,216,026,193.70",164540
"30-Aug-2022","EQ","314.25","321.40","314.25","313.55","320.70","320.50","318.82","321.40","206.00",17829428,"5,684,375,336.40",136127
"29-Aug-2022","EQ","310.00","314.95","308.85","312.90","313.85","313.55","312.03","319.45","206.00",11361400,"3,545,119,890.10",144239
"26-Aug-2022","EQ","314.75","315.40","312.00","312.35","313.35","312.90","313.52","319.45","204.35",6956588,"2,181,018,083.40",155321
"25-Aug-2022","EQ","315.45","316.40","311.60","314.10","312.70","312.35","314.39","319.45","204.35",7759104,"2,439,353,578.30",98542
"24-Aug-2022","EQ","315.75","319.45","313.05","315.90","313.90","314.10","316.13","319.45","204.35",11346892,"3,587,093,978.20",139184
"23-Aug-2022","EQ","312.95","316.00","312.10","314.40","315.95","315.90","314.97","317.00","204.35",9338887,"2,941,482,817.65",107866
"22-Aug-2022","EQ","311.20","317.00","311.00","312.00","313.85","314.40","315.08","317.00","204.35",11355837,"3,577,976,869.25",139216
"19-Aug-2022","EQ","316.15","316.15","311.20","315.65","311.90","312.00","313.46","316.65","204.35",10422413,"3,266,995,923.90",111105
"18-Aug-2022","EQ","313.00","316.00","312.60","312.55","315.35","315.65","314.97","316.65","204.35",9883851,"3,113,156,971.35",118060
"17-Aug-2022","EQ","311.70","313.25","311.00","310.55","312.50","312.55","312.37","316.65","204.35",7975854,"2,491,424,845.85",114115
"16-Aug-2022","EQ","308.55","311.50","308.55","308.55","310.60","310.55","310.53","316.65","204.35",8609864,"2,673,656,850.85",119342
"12-Aug-2022","EQ","306.25","309.40","304.50","306.25","308.05","308.55","307.80","316.65","204.35",6422504,"1,976,829,183.30",90838
"11-Aug-2022","EQ","313.00","313.45","305.30","311.20","305.75","306.25","308.12","316.65","204.35",10885990,"3,354,140,392.35",149032
"10-Aug-2022","EQ","313.15","314.10","310.75","313.15","311.30","311.20","312.25","316.65","204.35",8923568,"2,786,357,032.75",134530
"08-Aug-2022","EQ","310.95","313.95","310.05","310.85","313.00","313.15","312.65","316.65","204.35",8307140,"2,597,244,021.15",107521
"05-Aug-2022","EQ","309.50","311.80","309.10","309.50","311.10","310.85","310.81","316.65","204.35",10088723,"3,135,641,713.90",88921
"04-Aug-2022","EQ","308.00","310.35","307.15","308.15","309.40","309.50","309.29","316.65","204.35",15901918,"4,918,240,461.65",133992
"03-Aug-2022","EQ","310.90","310.90","303.65","309.95","308.00","308.15","306.76","316.65","204.35",17695228,"5,428,122,427.15",155797
"02-Aug-2022","EQ","310.00","316.65","308.20","307.50","309.30","309.95","311.50","316.65","204.35",38982557,"12,142,957,304.50",261354
"01-Aug-2022","EQ","304.00","308.80","303.10","303.05","307.80","307.50","306.64","308.80","204.35",15889556,"4,872,330,248.20",139428
"29-Jul-2022","EQ","305.00","305.90","301.35","303.45","303.90","303.05","302.76","305.90","204.35",16932743,"5,126,590,092.00",118230
"28-Jul-2022","EQ","304.90","305.20","302.40","304.15","303.25","303.45","303.73","305.20","204.35",10839070,"3,292,179,152.25",116206
"27-Jul-2022","EQ","302.85","305.00","300.60","302.45","304.20","304.15","303.24","305.00","204.35",9346146,"2,834,122,482.65",90102
"26-Jul-2022","EQ","301.00","303.75","300.45","301.10","302.10","302.45","302.28","303.75","204.35",9739177,"2,943,921,157.90",132601
"25-Jul-2022","EQ","299.00","302.95","298.80","300.55","300.95","301.10","301.27","302.95","204.35",10640727,"3,205,780,240.75",122416
"22-Jul-2022","EQ","300.00","302.50","298.10","299.55","299.90","300.55","300.21","302.50","204.35",9967545,"2,992,317,208.70",132970
"21-Jul-2022","EQ","299.00","302.20","298.00","298.20","299.45","299.55","299.79","302.20","204.35",16042840,"4,809,415,085.55",148528
"20-Jul-2022","EQ","294.90","299.50","293.60","294.60","297.80","298.20","297.46","299.50","204.35",15789281,"4,696,731,729.90",129589
"19-Jul-2022","EQ","295.00","295.60","292.70","295.30","294.45","294.60","293.95","296.95","204.35",9188419,"2,700,951,098.85",66167
"18-Jul-2022","EQ","295.00","296.30","293.75","293.55","295.45","295.30","295.33","296.95","204.35",11315876,"3,341,888,353.25",97564
"15-Jul-2022","EQ","292.00","294.00","289.50","290.85","293.80","293.55","291.84","296.95","200.95",11025420,"3,217,689,790.70",92230
"14-Jul-2022","EQ","294.30","296.35","289.15","294.05","290.40","290.85","292.96","296.95","200.95",13414357,"3,929,881,063.25",131615
"13-Jul-2022","EQ","293.00","294.80","292.70","292.70","294.00","294.05","293.83","296.95","200.95",9277570,"2,726,007,442.40",91827
"12-Jul-2022","EQ","293.00","295.35","290.90","295.00","292.40","292.70","292.88","296.95","200.95",14074628,"4,122,188,825.70",79822
"11-Jul-2022","EQ","293.00","296.95","292.05","293.05","294.80","295.00","295.09","296.95","200.95",12352667,"3,645,114,496.55",136091
"08-Jul-2022","EQ","292.90","294.45","290.40","291.95","293.05","293.05","292.71","294.45","200.90",11110418,"3,252,113,136.20",108058
"07-Jul-2022","EQ","291.00","293.15","288.50","289.30","291.80","291.95","291.24","293.30","200.90",13794991,"4,017,654,188.90",92213
"06-Jul-2022","EQ","286.10","290.00","285.30","286.90","289.30","289.30","287.80","293.30","200.90",18292925,"5,264,761,919.15",127639
"05-Jul-2022","EQ","293.00","293.00","285.75","291.90","286.75","286.90","288.48","293.30","200.90",18568655,"5,356,766,750.75",148323
"04-Jul-2022","EQ","285.65","293.30","284.80","284.35","291.50","291.90","290.16","293.30","200.90",39881736,"11,571,994,521.70",236760
"01-Jul-2022","EQ","273.50","285.00","271.20","273.50","284.75","284.35","279.90","285.00","200.90",35165665,"9,842,843,332.25",217262
"30-Jun-2022","EQ","273.95","274.70","272.00","274.05","272.15","273.50","273.50","282.35","200.90",19262054,"5,268,093,766.95",111474
"29-Jun-2022","EQ","269.25","275.00","269.15","271.85","273.35","274.05","272.44","282.35","200.90",16018449,"4,364,024,741.55",100735
"28-Jun-2022","EQ","268.90","272.25","268.55","269.95","271.70","271.85","271.10","282.35","200.90",11240154,"3,047,199,164.45",89068
"27-Jun-2022","EQ","267.00","270.65","266.50","265.85","270.00","269.95","269.13","282.35","200.90",8172964,"2,199,600,655.65",81295
"24-Jun-2022","EQ","266.10","268.35","265.20","265.50","266.00","265.85","266.37","282.35","200.90",7013132,"1,868,087,815.25",72489
"23-Jun-2022","EQ","265.50","267.25","262.40","265.30","266.35","265.50","265.08","282.35","200.90",9067252,"2,403,553,323.10",85999
"22-Jun-2022","EQ","267.00","270.30","264.90","269.90","265.00","265.30","267.36","282.35","200.90",11320918,"3,026,724,468.80",115525
"21-Jun-2022","EQ","265.00","270.85","264.10","264.10","269.60","269.90","268.13","282.35","200.90",13883034,"3,722,409,701.95",94264
"20-Jun-2022","EQ","263.30","266.15","261.35","263.30","263.90","264.10","263.83","282.35","200.90",17081136,"4,506,543,174.05",123394
"17-Jun-2022","EQ","259.00","264.15","258.55","260.70","263.50","263.30","262.62","282.35","200.90",16654660,"4,373,861,998.50",132372
"16-Jun-2022","EQ","267.00","267.90","259.50","263.40","260.40","260.70","262.44","282.35","200.90",14293357,"3,751,183,386.45",142462
"15-Jun-2022","EQ","266.00","267.30","263.05","265.45","263.50","263.40","265.10","282.35","200.90",5059474,"1,341,282,973.80",81484
"14-Jun-2022","EQ","263.20","267.45","263.05","264.65","266.00","265.45","265.65","282.35","200.90",7422193,"1,971,719,471.55",83473
"13-Jun-2022","EQ","266.40","269.10","263.00","270.15","264.55","264.65","265.76","282.35","200.90",11092690,"2,947,945,155.70",136517
"10-Jun-2022","EQ","269.05","271.00","268.75","270.85","269.95","270.15","269.93","282.35","200.90",8371061,"2,259,589,047.30",79572
"09-Jun-2022","EQ","267.80","271.70","265.75","267.90","270.90","270.85","269.79","282.35","200.90",9860194,"2,660,189,374.10",91711
"08-Jun-2022","EQ","273.95","274.40","266.20","273.90","267.80","267.90","270.49","282.35","200.90",14361969,"3,884,759,582.50",192981
"07-Jun-2022","EQ","273.20","275.00","272.25","274.80","273.95","273.90","273.48","282.35","200.90",10828539,"2,961,368,319.00",98015
"06-Jun-2022","EQ","272.40","275.80","269.70","272.70","274.45","274.80","273.53","282.35","200.90",10925182,"2,988,401,867.65",87814
"03-Jun-2022","EQ","275.00","275.70","271.60","273.50","272.40","272.70","273.54","282.35","200.90",12487862,"3,415,937,894.30",97837
"02-Jun-2022","EQ","270.70","274.45","267.85","271.85","273.00","273.50","271.97","282.35","200.90",14240994,"3,873,176,816.40",114544
"01-Jun-2022","EQ","270.65","274.10","270.20","270.65","271.50","271.85","272.20","282.35","200.90",14699792,"4,001,349,285.45",100701
"31-May-2022","EQ","269.05","274.50","266.40","269.05","271.20","270.65","270.75","282.35","200.90",23208345,"6,283,589,853.80",98915
"30-May-2022","EQ","270.50","271.00","267.60","269.20","269.00","269.05","268.88","282.35","200.90",11819102,"3,177,896,815.45",106135
"27-May-2022","EQ","269.00","270.70","265.05","266.70","269.25","269.20","268.11","282.35","200.90",13468067,"3,610,874,147.45",92366
"26-May-2022","EQ","268.25","268.25","263.85","272.70","266.90","266.70","265.96","282.35","200.90",18420159,"4,898,982,829.20",137230
"25-May-2022","EQ","272.95","273.90","270.50","270.85","272.55","272.70","272.08","282.35","200.90",15288648,"4,159,726,894.10",105968
"24-May-2022","EQ","275.00","275.00","270.00","274.50","271.00","270.85","272.23","282.35","200.90",15547968,"4,232,697,120.15",110237
"23-May-2022","EQ","280.00","280.45","273.05","280.00","273.60","274.50","275.05","282.35","200.90",21700165,"5,968,639,519.00",158072
"20-May-2022","EQ","277.00","282.35","277.00","275.65","280.05","280.00","280.22","282.35","200.90",32370771,"9,071,060,236.55",217504
"19-May-2022","EQ","262.60","279.25","262.60","266.80","275.75","275.65","274.44","279.25","200.90",78287713,"21,485,009,548.70",455087
"18-May-2022","EQ","266.00","267.80","263.15","264.70","266.50","266.80","265.52","273.15","200.90",20200332,"5,363,514,789.10",150501
"17-May-2022","EQ","255.00","265.50","254.80","254.10","265.00","264.70","262.07","273.15","200.90",17797974,"4,664,231,329.70",164262
"16-May-2022","EQ","259.95","259.95","253.00","258.60","254.35","254.10","255.88","273.15","200.90",8186859,"2,094,840,150.95",102967
"13-May-2022","EQ","254.95","260.85","254.50","252.90","258.00","258.60","258.72","273.15","200.90",11921627,"3,084,376,919.65",129880
"12-May-2022","EQ","255.00","256.40","249.15","255.65","253.45","252.90","251.92","273.15","200.90",20044726,"5,049,629,669.45",263981
"11-May-2022","EQ","259.00","262.20","251.75","259.75","255.60","255.65","255.90","273.15","200.90",17344099,"4,438,387,755.55",178923
"10-May-2022","EQ","262.00","266.80","259.10","262.95","259.50","259.75","263.62","273.15","200.90",18033260,"4,753,854,527.80",188902
"09-May-2022","EQ","266.15","266.15","260.55","266.65","263.15","262.95","263.34","273.15","200.90",21403710,"5,636,380,537.55",203003
"06-May-2022","EQ","259.00","267.35","258.90","262.05","265.65","266.65","264.96","273.15","199.10",34490123,"9,138,351,915.10",251642
"05-May-2022","EQ","262.00","265.20","260.40","259.75","262.00","262.05","263.04","273.15","199.10",17932895,"4,716,986,717.45",115437
"04-May-2022","EQ","264.00","266.05","258.60","263.15","260.30","259.75","263.04","273.15","199.10",25951999,"6,826,483,599.30",168036
"02-May-2022","EQ","258.00","264.50","257.05","259.55","263.80","263.15","261.53","273.15","199.10",18965820,"4,960,080,326.25",158584
"29-Apr-2022","EQ","263.00","263.00","258.50","261.10","259.50","259.55","260.72","273.15","199.10",20419904,"5,323,940,771.65",110925
"28-Apr-2022","EQ","259.50","263.70","258.15","257.50","261.95","261.10","260.79","273.15","199.10",27924384,"7,282,457,331.65",131008
"27-Apr-2022","EQ","256.20","258.50","255.75","258.95","257.20","257.50","257.23","273.15","199.10",16580824,"4,265,039,505.35",91550
"26-Apr-2022","EQ","256.60","260.70","256.25","255.25","258.85","258.95","258.60","273.15","199.10",20536714,"5,310,890,958.05",110569
"25-Apr-2022","EQ","258.80","259.00","252.50","261.10","255.50","255.25","255.29","273.15","199.10",24208645,"6,180,301,910.15",173578
"22-Apr-2022","EQ","260.00","263.00","258.55","260.40","261.10","261.10","260.66","273.15","199.10",15671273,"4,084,852,407.35",108602
"21-Apr-2022","EQ","259.70","264.45","259.60","259.55","260.25","260.40","261.61","273.15","199.10",23412279,"6,124,998,845.10",163869
"20-Apr-2022","EQ","262.90","265.45","257.55","261.55","259.80","259.55","260.75","273.15","199.10",24510612,"6,391,161,210.15",205236
"19-Apr-2022","EQ","272.00","272.50","258.80","270.10","259.25","261.55","267.74","273.15","199.10",23380138,"6,259,809,070.00",201593
"18-Apr-2022","EQ","268.00","272.50","267.25","269.55","270.35","270.10","269.67","273.15","199.10",24399444,"6,579,899,979.95",189235
"13-Apr-2022","EQ","265.30","270.60","263.65","264.80","269.10","269.55","267.07","273.15","199.10",21414383,"5,719,183,511.30",144139
"12-Apr-2022","EQ","266.90","268.65","263.10","267.50","264.60","264.80","265.72","273.15","199.10",23553762,"6,258,603,719.05",150370
"11-Apr-2022","EQ","268.75","273.15","266.00","267.80","267.10","267.50","269.30","273.15","199.10",46147653,"12,427,333,078.40",269185
"08-Apr-2022","EQ","258.00","268.85","256.00","256.65","268.75","267.80","263.51","268.85","199.10",37826800,"9,967,802,073.85",232170
"07-Apr-2022","EQ","258.00","262.20","255.80","259.60","256.70","256.65","258.62","265.30","199.10",16061089,"4,153,641,422.65",126604
"06-Apr-2022","EQ","257.50","263.35","257.30","259.45","260.00","259.60","260.20","265.30","199.10",19597941,"5,099,320,485.40",155736
"05-Apr-2022","EQ","256.05","261.85","255.10","255.45","259.00","259.45","258.90","265.30","199.10",27183142,"7,037,729,121.80",178177
"04-Apr-2022","EQ","253.10","257.90","251.10","253.30","255.75","255.45","254.24","265.30","199.10",15907398,"4,044,245,819.55",109421
"01-Apr-2022","EQ","250.00","255.35","248.80","250.65","255.05","253.30","251.32","265.30","199.10",14305709,"3,595,279,350.80",114531
"31-Mar-2022","EQ","249.60","254.35","249.50","249.20","250.70","250.65","251.19","265.30","199.10",25656796,"6,444,678,254.65",131890
"30-Mar-2022","EQ","255.10","256.40","248.65","254.60","249.05","249.20","251.58","265.30","199.10",17603827,"4,428,750,077.05",125981
"29-Mar-2022","EQ","257.05","257.50","253.75","257.05","254.30","254.60","255.06","265.30","199.10",18122714,"4,622,454,136.40",114137
"28-Mar-2022","EQ","254.00","258.00","252.55","253.35","256.20","257.05","255.73","265.30","199.10",24916402,"6,371,890,062.65",156533
"25-Mar-2022","EQ","255.30","255.75","249.25","254.85","252.70","253.35","252.48","265.30","199.10",29284643,"7,393,703,767.10",131798
"24-Mar-2022","EQ","251.95","256.50","251.45","252.00","254.75","254.85","254.29","265.30","199.10",38239419,"9,723,876,526.05",187564
"23-Mar-2022","EQ","251.45","253.70","248.50","249.75","251.90","252.00","251.88","265.30","199.10",40491633,"10,199,201,336.50",239738
"22-Mar-2022","EQ","244.55","250.75","243.55","244.50","249.95","249.75","247.49","265.30","199.10",36945426,"9,143,578,093.70",176133
"21-Mar-2022","EQ","245.90","247.75","243.80","244.90","244.50","244.50","245.28","265.30","199.10",27975134,"6,861,601,746.00",149077
"17-Mar-2022","EQ","245.25","245.40","242.70","242.60","244.55","244.90","244.30","265.30","199.10",34223740,"8,360,956,981.30",158119
"16-Mar-2022","EQ","240.00","243.00","239.10","237.85","242.40","242.60","240.65","265.30","199.10",21629521,"5,205,102,085.50",132633
"15-Mar-2022","EQ","239.00","241.40","235.90","239.00","238.20","237.85","238.48","265.30","199.10",32998305,"7,869,470,291.25",159184
"14-Mar-2022","EQ","236.25","239.45","235.30","236.35","239.00","239.00","237.88","265.30","199.10",35113638,"8,352,803,841.25",153586
"11-Mar-2022","EQ","231.90","237.10","230.15","232.00","234.95","236.35","234.51","265.30","199.10",41699184,"9,778,867,194.45",194153
"10-Mar-2022","EQ","231.00","232.50","227.85","229.25","231.45","232.00","230.14","265.30","199.10",36132245,"8,315,364,499.35",162038
"09-Mar-2022","EQ","227.70","231.40","226.10","226.90","229.00","229.25","228.80","265.30","199.10",42294906,"9,677,136,454.80",168447
"08-Mar-2022","EQ","223.90","228.45","223.75","224.95","226.80","226.90","226.27","265.30","199.10",36036336,"8,154,008,012.30",198973
"07-Mar-2022","EQ","222.00","227.00","220.10","225.50","225.95","224.95","223.87","265.30","199.10",45258669,"10,131,981,893.30",226272
"04-Mar-2022","EQ","217.70","227.40","217.00","219.40","225.00","225.50","222.66","265.30","199.10",66835736,"14,881,564,312.10",284871
"03-Mar-2022","EQ","216.05","220.20","216.00","215.30","219.35","219.40","218.52","265.30","199.10",28532668,"6,235,043,682.65",122600
"02-Mar-2022","EQ","214.40","216.60","212.45","215.85","215.40","215.30","214.93","265.30","199.10",19295994,"4,147,196,308.90",129126